Sample_Size_N,Mean_of_Means,Standard_Error,Absolute_Count_of_Rating_1
1000,3.346854,0.030455191412959482,51.251
100000,3.34702537,0.0030462264956992247,5114.993
10000000,3.3471464401000004,0.0003269993199105875,511542.646
1000000000,3.3471475231880006,3.1684539265022756e-05,51153306.897
